{"cameraMode":{"drawMode":0,"name":"Shaded","section":"Shading Mode"},"sceneLighting":true,"audioPlay":false,"sceneViewState":{"m_AlwaysRefresh":false,"showFog":true,"showSkybox":true,"showFlares":true,"showImageEffects":true,"showParticleSystems":true,"showVisualEffectGraphs":true,"m_FxEnabled":true},"in2DMode":false,"pivot":{"x":-0.6292951107025147,"y":2.145659923553467,"z":0.9774606227874756},"rotation":{"x":0.09603893011808396,"y":-0.26827773451805117,"z":0.02688945271074772,"w":0.9581684470176697},"size":7.808460712432861,"orthographic":false}